,word,count
0,secondly,3
1,yellow,1
2,four,8
3,jihad,2
4,saved,1
5,whose,2
6,violate,1
7,bureaucrats,1
8,rehabbing,1
9,quadruple,1
10,lord,1
11,sorry,1
12,worth,3
13,risk,3
14,cavaliers,1
15,void,2
16,rise,3
17,every,26
18,thriving,1
19,politician,1
20,believed,2
21,school,4
22,crops,1
23,cause,1
24,companies,1
25,solution,1
26,announced,1
27,ups,1
28,expanded,1
29,force,7
30,leaders,10
31,consistent,3
32,estimates,1
33,budget,14
34,likely,2
35,persuade,1
36,n,1
37,even,22
38,errors,1
39,hide,1
40,christ,1
41,prisons,3
42,ruthless,1
43,hate,3
44,selected,2
45,airmen,1
46,liberty,5
47,liberated,1
48,conduct,1
49,new,20
50,net,3
51,increasing,1
52,ever,6
53,told,2
54,reporter,1
55,men,3
56,hundreds,1
57,met,1
58,protection,4
59,china,6
60,active,2
61,path,3
62,100,2
63,voice,1
64,daughter,1
65,items,1
66,study,1
67,changed,8
68,credit,2
69,military,19
70,changes,1
71,changer,1
72,criticism,1
73,secure,2
74,campaign,10
75,servicemen,1
76,explained,1
77,reagan,6
78,replace,1
79,brought,4
80,ninety,1
81,roles,1
82,counts,1
83,total,3
84,opponents,3
85,criminals,4
86,dna,1
87,would,64
88,army,2
89,century,4
90,arms,2
91,call,7
92,passport,1
93,indiana,1
94,assessment,1
95,tell,23
96,mush,2
97,populations,1
98,successful,1
99,wars,3
100,reign,1
101,phone,2
102,tying,1
103,90,3
104,hole,2
105,hold,4
106,must,3
107,join,1
108,room,1
109,rights,7
110,1999,1
111,work,9
113,exceptions,1
114,example,2
115,give,22
116,preserving,1
117,want,62
118,times,7
119,rid,6
120,end,11
121,thing,19
122,provide,2
123,verify,3
124,stupidity,1
125,opposite,1
126,answer,10
127,faulty,1
128,massive,1
129,minority,1
130,transforming,1
131,earlier,5
132,pimps,1
133,wrong,6
134,president,56
135,law,16
136,promotion,2
137,third,8
138,wins,1
139,acknowledged,1
140,harley,1
141,things,27
142,democratic,2
143,order,2
144,reforming,1
145,office,9
146,govern,2
147,satisfied,1
148,japan,1
149,mayor,1
150,somewhere,3
151,fix,5
152,revenue,1
154,better,13
155,400,1
156,weeks,1
157,easier,1
158,bans,1
159,safe,2
160,finish,1
161,break,9
162,aborted,2
163,jesus,2
164,shadows,1
165,alex,1
166,meat,2
167,chuck,1
168,detroit,1
169,grows,1
170,skills,1
171,addicted,1
172,went,7
173,side,1
174,mean,5
175,signing,1
176,financial,2
177,series,1
178,mandates,1
179,principles,2
180,carry,1
181,taught,2
182,doug,1
183,navy,2
184,message,3
185,god,19
186,content,1
188,banning,3
189,got,25
190,size,4
191,forth,1
192,gop,2
193,independence,1
194,foundation,2
195,abbott,1
196,turning,3
197,barrier,1
198,resume,2
199,veto,1
200,little,1
201,free,1
202,yesterday,1
203,campaigns,2
204,vets,1
205,evil,1
206,wanted,5
207,enormous,1
208,created,6
209,correctness,1
210,days,5
211,filter,1
212,oppose,2
213,isn,2
214,tied,1
215,baltic,2
216,repealed,1
217,rand,1
218,already,7
219,grade,1
220,primary,4
221,instruct,2
222,another,6
223,wasn,6
224,carson,27
225,rated,1
226,hedging,2
227,service,5
228,top,6
229,hawks,1
230,needed,1
231,rates,1
232,thoughts,2
233,architect,1
234,john,6
235,dogs,1
236,listen,5
237,murder,2
238,geneva,1
239,tool,1
240,serve,2
241,took,6
242,rejected,1
243,tithe,1
244,boarding,1
245,target,1
246,frankly,4
247,immigrants,1
248,tree,1
249,zero,2
250,nations,1
251,project,1
252,matter,5
253,street,2
254,friend,4
255,10th,1
256,bidder,1
257,benghazi,1
258,sees,1
259,respecting,1
260,mind,6
261,mine,3
262,spent,5
263,talking,18
264,emphasizing,1
265,seen,3
266,seem,2
267,regulate,1
268,tells,1
269,alive,1
270,forced,1
271,strength,4
272,scriptures,2
273,climate,1
274,responsible,5
276,1962,1
277,sound,2
278,subjects,2
279,forces,2
280,rides,1
281,moscow,2
282,blue,1
283,evangelist,1
284,nobody,2
285,though,2
286,humbly,1
287,arguing,1
288,plenty,2
289,wedges,2
290,phase,1
292,definitely,2
293,qassem,1
294,voting,1
295,notion,1
296,came,8
297,reserve,1
298,saying,10
299,sanctuary,2
300,jurisdiction,1
301,ending,5
302,solutions,3
303,respectfully,1
304,earth,1
305,lessons,1
306,finally,6
307,explain,5
308,schumer,1
309,haven,1
310,bush,31
311,touched,2
312,rich,1
313,folks,4
314,adequate,1
315,scripture,1
316,jailed,1
317,predecessor,1
318,professionals,1
319,stop,10
320,coast,1
321,pocket,1
322,guatemala,1
323,despite,1
324,report,1
325,dr,12
326,comply,2
327,unfortunately,2
328,earn,2
329,bar,2
330,countries,4
331,qaida,1
332,bad,7
333,favors,1
334,release,1
335,bashar,1
336,movement,7
337,secretary,5
338,respond,4
339,mandatory,1
340,disaster,4
341,reference,1
342,bettencourt,1
343,extraordinarily,2
344,christian,1
345,best,5
346,subject,10
347,00,2
348,said,60
349,capacity,2
350,mitch,1
351,lots,2
352,away,7
353,irs,2
354,rings,1
355,artificial,2
356,continually,1
357,protected,1
358,sorts,1
359,unconstitutional,1
360,never,11
361,terms,4
362,44th,1
363,deposed,1
364,downgrades,1
365,weak,1
366,however,3
367,adage,1
368,cut,16
369,extent,1
370,news,6
371,picking,1
372,debt,4
373,suggested,1
374,received,1
375,essentially,1
376,country,66
377,ill,1
378,planned,5
379,contribution,1
380,donnell,2
381,asked,10
382,negotiation,3
383,tone,2
384,appeared,1
385,vain,2
386,height,1
387,gap,1
388,exclusively,1
389,persecuting,1
390,blending,1
391,250,1
392,trust,7
393,epitome,1
394,speak,5
395,iraq,6
396,targeting,1
397,puts,1
398,union,3
399,three,3
400,quickly,1
401,much,17
402,basic,1
403,pro,9
404,addictions,1
405,life,23
406,families,8
407,eastern,1
408,drugs,3
409,suppress,2
410,republicans,4
411,generals,2
412,child,10
413,worked,3
414,voices,1
415,applied,1
416,exception,5
417,east,5
418,presidency,1
419,kentucky,1
420,air,3
421,ugly,1
422,weren,1
423,ain,1
424,teachers,1
425,aid,5
426,murders,1
427,35th,1
428,employees,1
429,mistake,3
430,seven,4
431,mexico,4
432,ii,1
433,experts,1
434,campaigning,1
435,sells,1
436,grown,1
437,waging,1
438,suggest,1
439,make,35
440,sailors,1
441,babies,2
442,several,6
443,bid,1
444,entitled,1
445,independent,5
446,governors,2
447,""".",1
448,pick,2
449,lyndon,1
450,hand,4
451,liberties,1
452,insisted,1
453,opportunity,2
454,blamed,2
455,tune,1
456,kid,1
457,kept,1
458,programs,3
459,charlie,2
460,suffering,1
461,greatest,4
462,mother,11
463,hearts,1
464,800,1
465,vilifies,1
466,left,10
467,unified,1
468,proposed,1
469,unemployment,1
470,aside,1
471,transforms,1
472,human,4
473,yes,7
474,yet,2
475,previous,1
476,candidate,6
477,belongs,1
478,transformed,2
479,board,3
480,innocent,1
481,prison,2
482,contestant,1
483,save,7
484,gave,14
485,opt,1
486,21st,2
487,rnc,1
488,possible,2
489,arab,3
490,birth,2
491,judge,2
492,advanced,1
493,county,1
494,56,2
495,dishonest,1
496,50,1
497,52,1
498,specific,4
499,steps,1
500,night,5
501,security,22
502,towards,1
503,attorney,2
504,right,23
505,old,5
506,deal,22
507,people,98
508,czech,1
509,51,1
510,somehow,1
511,born,2
512,donald,7
513,election,7
514,sisi,1
515,intellect,1
516,enemies,9
517,purple,1
518,outspoken,1
519,fox,5
520,comments,1
521,everything,5
522,asking,3
523,denied,1
524,beating,1
525,core,6
526,bold,3
527,burn,1
528,discount,1
529,freeloading,1
530,hardliners,1
531,dollars,6
532,months,6
533,o,2
534,trustworthy,1
535,plus,2
536,nerve,3
537,raised,3
538,statements,1
539,lied,1
540,civil,2
541,prisoners,1
542,son,3
543,beings,1
544,donated,1
545,doctrine,2
546,balanced,8
547,honored,1
548,rounds,2
549,crowd,2
550,support,10
551,flying,2
552,legislation,2
553,transform,1
554,fight,6
555,absolutely,4
556,fought,3
557,authorized,1
558,way,22
559,greatness,1
560,war,11
561,happy,2
562,lowest,1
563,head,2
564,offer,1
565,heal,1
566,differences,1
567,hear,5
568,sustained,4
569,true,7
570,responding,1
571,isis,21
572,builds,1
573,sermons,1
574,inside,2
575,generosity,1
576,isil,1
577,150,1
578,promises,1
579,medication,1
580,disgrace,2
581,estonia,1
582,stronger,6
583,proven,1
584,evidence,8
585,promised,2
586,fashioned,1
587,prayer,1
588,ship,1
589,check,2
590,negotiations,2
591,regime,2
592,radically,1
593,discriminate,1
594,dying,2
595,floor,3
596,generally,2
597,cliffhanger,1
598,interested,1
599,role,4
600,holding,1
601,test,1
602,tie,1
603,unwilling,2
604,shrink,4
605,picture,1
606,intend,6
607,brothers,1
608,welcome,6
609,stealing,4
610,parenthood,5
611,journey,1
612,funerals,1
613,died,2
614,billion,19
615,happening,4
616,vigorously,1
617,governed,1
618,vietnam,1
619,time,30
620,push,1
621,serious,2
622,stick,1
623,concept,2
624,corps,2
625,whoever,5
626,dance,1
627,alternatives,1
628,focus,1
629,leads,1
630,/,2
631,recidivism,1
632,chair,1
633,abundant,1
634,midst,1
635,certainly,3
636,killings,1
637,depend,2
638,1940,1
639,flash,2
640,father,10
641,disgusting,1
642,environment,2
643,answered,1
644,charge,1
645,terror,3
646,emirates,1
647,veterans,4
648,advantage,4
649,unfamiliar,1
650,choice,7
651,anonymous,1
652,word,4
653,trouble,5
654,expectations,2
655,minute,3
656,governments,1
657,oftentimes,1
658,aggressively,1
659,hour,4
660,level,6
661,tear,2
662,die,4
663,brother,4
664,standards,6
665,travels,1
666,p,2
667,domestically,1
668,team,1
669,quick,2
670,guy,4
671,round,1
672,prevent,1
673,talked,6
674,says,7
675,dealing,1
676,cyber,6
677,sign,1
678,invaded,2
679,voucher,3
680,soldiers,2
681,aggressive,1
682,afghanistan,1
683,educate,1
684,constitution,3
685,agrees,1
686,suspect,1
687,goes,1
688,international,2
689,filled,2
690,budgets,4
691,supporting,1
692,muslim,1
693,agreement,1
694,water,1
695,address,3
696,alone,1
697,along,6
698,rue,1
699,appears,1
700,change,8
701,wait,1
702,sending,6
703,unidentified,21
704,thirty,3
705,canadian,1
706,earned,4
707,wherever,1
708,accomplished,1
709,chemical,2
710,suggestion,1
711,52s,2
712,love,8
713,statewide,3
714,verge,2
715,epa,2
716,crisis,1
717,everybody,13
718,undergone,1
719,handled,1
720,sharper,1
721,live,4
722,politicized,1
723,wondering,1
724,theoretical,1
725,today,15
726,kerry,2
727,incident,1
728,curriculum,3
729,clue,2
730,everywhere,1
731,cases,2
732,effort,1
733,organizations,1
734,thousands,3
735,quoting,1
736,abortion,7
737,believes,2
738,following,3
739,making,10
740,arrive,1
741,laughter,17
742,unconditional,1
743,heart,4
744,barbarians,1
745,trump,59
746,figure,2
747,topic,2
748,heard,3
749,dropped,1
750,council,1
751,allowed,1
752,burgeoning,1
753,",""",2
754,bankrupt,1
755,divided,4
756,watching,1
757,1,5
758,rubio,17
759,cardinal,1
760,fourth,3
761,ensure,1
762,speaks,2
763,sworn,1
764,economy,6
765,map,1
766,information,1
767,critics,3
768,eighty,1
769,applications,1
770,date,1
771,suck,1
772,nomination,3
773,grow,4
774,heartly,1
775,man,7
776,remember,8
777,johnson,1
778,whenever,2
779,maybe,6
780,borrowing,1
781,q,1
782,complaining,1
783,switch,1
784,killers,2
785,jail,1
786,african,1
787,increase,1
788,talk,10
789,alinsky,1
790,breaking,1
791,foreclosure,1
792,repair,1
793,years,37
794,brain,3
795,cuts,1
796,still,9
797,blocked,1
798,group,1
799,thank,18
800,wallace,33
801,interesting,2
802,hot,2
803,policy,9
804,decreased,1
805,texas,2
806,happened,6
807,non,1
808,recipients,1
809,nod,1
810,smarter,1
811,introduce,1
812,nation,8
813,toxic,1
814,qualified,1
815,half,7
816,balances,1
817,rescind,1
818,term,2
819,name,4
820,james,1
821,didn,8
822,amnesty,8
823,el,2
824,honduras,1
825,significantly,1
826,challenged,1
827,treacherous,1
828,yeah,1
829,challenges,1
830,persian,1
831,year,20
832,happen,4
833,tuned,1
834,plans,1
835,canada,1
836,living,5
837,ultimately,3
838,rounding,1
839,pentagon,1
840,looking,5
841,mess,1
842,seriously,2
843,investigation,1
844,internet,1
845,entitlements,2
846,receiving,1
847,correct,5
848,shows,2
849,unless,1
850,state,33
851,cars,1
852,million,13
853,quite,1
854,california,1
855,marine,2
856,care,8
857,training,2
858,entitlement,3
859,language,1
860,impose,1
861,downsides,1
862,honest,3
863,turn,4
864,place,12
865,vision,1
866,unborn,3
867,think,41
868,first,39
869,striking,1
870,one,70
871,americans,8
872,long,4
873,directly,4
874,vote,8
875,corporations,2
876,sounds,3
877,open,1
878,millions,6
879,city,1
880,given,5
881,necessarily,1
882,trillion,2
883,lesbian,1
884,anyone,2
885,returns,1
886,2,6
887,tragic,2
888,lobbyists,1
889,convention,1
890,legally,4
891,speaking,2
892,gives,2
893,dolan,1
894,hug,2
895,allegedly,1
896,uninformed,1
897,taxation,1
898,alan,1
899,released,3
900,hillary,21
901,ridiculous,2
902,11,1
903,10,8
904,television,1
905,12,1
906,15,2
907,14,1
908,17,1
909,19,4
910,18,3
911,gotta,1
912,future,4
913,marines,2
914,russia,6
915,san,1
916,appreciate,1
917,topics,4
918,turned,4
919,sad,1
920,say,48
921,breakfast,1
922,saw,3
923,answering,3
924,ideas,3
925,note,2
926,clintons,1
927,potential,1
928,take,21
929,destroy,4
930,bets,1
931,200,1
932,begin,9
933,sure,14
934,normal,2
935,track,1
936,knew,1
937,paid,4
938,pastor,1
939,assault,1
940,importantly,1
941,rationale,1
942,remarks,1
943,america,31
944,],1
945,operate,1
946,average,2
947,proud,8
948,drive,3
949,federal,15
950,axe,1
951,senior,1
952,laws,2
953,rating,3
954,shot,1
955,surplus,4
956,show,3
957,merit,1
958,moderator,1
959,mexican,6
960,soviets,2
961,data,1
962,fifth,2
963,ground,1
964,specifically,2
965,gulf,1
966,enough,6
967,crime,1
968,going,57
969,black,2
970,deployed,1
971,treasury,1
972,get,47
973,hostage,1
974,truly,1
975,cannot,4
976,nearly,1
977,portions,1
978,prime,1
979,borrow,2
980,morning,1
981,stupid,8
982,clowns,1
983,discussing,1
984,worrying,2
985,husband,1
986,declared,1
987,huckabee,20
988,elected,5
989,college,3
990,eliminating,1
991,milwaukee,1
992,apologies,1
993,surgery,1
994,concern,2
995,ways,2
996,commitments,1
997,weapons,5
998,3,3
999,reading,2
1000,across,12
1001,caucus,1
1002,dempsey,1
1003,notice,1
1004,jobs,18
1005,august,1
1006,parent,1
1007,25,3
1008,blame,2
1009,animus,1
1010,jets,1
1011,20,1
1012,spark,1
1013,cities,2
1014,come,21
1015,reaction,2
1016,superstar,1
1017,many,26
1018,according,2
1019,personal,2
1020,tout,1
1021,senator,33
1022,comes,10
1023,deported,1
1024,duty,2
1025,among,1
1026,destabilized,1
1027,mandate,1
1028,period,1
1029,mirroring,1
1030,christie,28
1031,60,2
1032,65,1
1033,learning,1
1034,article,1
1035,cancel,1
1036,liberal,2
1037,math,1
1038,destroyed,1
1039,saudis,1
1040,cares,1
1041,locally,1
1042,cared,1
1043,dictator,1
1044,borders,1
1045,500,4
1046,wants,7
1047,robbed,1
1048,thousand,2
1049,blessing,1
1050,wake,2
1051,acquiring,1
1052,former,2
1053,paying,2
1054,developing,1
1055,wealthiest,1
1056,polls,6
1057,invoking,1
1058,policies,2
1059,promising,1
1060,situation,1
1061,invited,1
1062,crusades,1
1063,alcoholic,1
1064,commander,6
1065,middle,7
1066,good,8
1067,embrace,1
1068,everyday,1
1069,worry,1
1070,different,11
1071,misunderstand,1
1072,pay,7
1073,reminded,1
1074,admit,1
1075,trip,1
1076,gentlemen,9
1077,buys,1
1078,status,3
1079,investigated,1
1080,driver,3
1081,driven,1
1082,persons,2
1083,running,4
1084,fruit,1
1085,changing,3
1086,totally,2
1087,mentally,1
1088,tracking,1
1089,eventual,1
1090,iraqis,1
1091,constitutional,3
1092,costs,2
1093,model,1
1094,justify,1
1095,violence,1
1096,money,14
1097,personhood,1
1098,actions,2
1099,kill,2
1100,aspect,1
1101,kasich,22
1102,inaudible,2
1103,announcement,2
1104,death,4
1105,rose,1
1106,seems,1
1107,except,2
1108,mirrored,1
1109,lets,1
1110,4,3
1111,republic,1
1112,real,4
1113,negotiating,1
1114,around,12
1115,rules,4
1116,gonna,14
1117,early,4
1118,quickness,1
1119,darn,1
1120,mom,1
1121,world,25
1122,transgender,2
1123,ruled,2
1124,fortune,2
1125,adams,1
1126,miracle,1
1127,server,1
1128,facing,4
1129,tsunami,1
1130,donations,1
1131,either,2
1132,fully,2
1133,reduced,1
1134,moving,1
1135,competition,2
1136,l,1
1137,cruz,23
1138,scandals,1
1139,overstay,1
1140,ability,1
1141,overly,1
1142,legal,5
1143,conservative,9
1144,exit,1
1145,deficit,1
1146,felt,1
1147,scientific,1
1148,business,8
1149,quit,2
1150,seconds,8
1151,disparaging,1
1152,broken,5
1153,leadership,3
1154,immigrate,1
1155,feeds,1
1156,ok,7
1157,island,1
1158,fringe,1
1159,tremendous,1
1160,medicare,5
1161,stand,13
1162,act,5
1163,bond,2
1164,road,1
1165,decimated,1
1166,lifted,1
1167,involvement,1
1168,parties,2
1169,jerusalem,1
1170,fast,1
1171,prepare,1
1172,aren,2
1173,hey,2
1174,start,13
1175,low,2
1176,lot,22
1177,expatriate,1
1178,redline,1
1179,complete,1
1180,ended,1
1181,trying,6
1182,buying,1
1183,longer,2
1184,pull,1
1185,hire,1
1186,improved,1
1187,pitting,1
1188,politically,3
1189,agree,10
1190,strongly,2
1191,gone,6
1192,citizenship,3
1193,videos,3
1194,totaling,1
1195,bamboozled,1
1196,al,4
1197,general,9
1198,examine,1
1199,together,3
1200,politics,4
1201,syrian,1
1202,inspections,1
1203,ice,1
1204,amendments,1
1205,retiring,1
1206,credibility,1
1207,insurance,1
1208,field,1
1209,5,7
1210,poor,4
1211,polar,1
1212,congress,9
1213,separate,2
1214,includes,2
1215,podium,1
1216,important,8
1217,divide,5
1218,chris,11
1219,pelosi,2
1220,fiscal,1
1222,calls,1
1223,wife,3
1224,chalgren,1
1225,disagreeing,1
1226,u,7
1227,embracing,1
1228,alright,6
1229,starting,1
1230,original,1
1231,liar,1
1232,chinese,2
1233,month,1
1234,follow,2
1235,religious,6
1236,children,3
1237,catastrophe,1
1238,program,9
1239,health,2
1240,case,1
1241,woman,1
1242,sitting,1
1243,far,5
1244,prostitutes,1
1245,horror,1
1246,fat,1
1247,baton,1
1248,personnel,1
1249,balancing,1
1250,difference,1
1251,treating,1
1252,heaven,1
1254,celebrity,1
1255,list,1
1256,joined,1
1257,large,2
1258,undone,1
1259,saudi,1
1260,small,1
1261,economically,1
1262,benjamin,1
1263,ten,5
1264,skin,1
1265,ted,2
1266,steinle,2
1267,preposterous,1
1268,past,6
1269,soleimani,4
1270,rate,7
1271,greenspan,1
1272,lawyer,2
1273,pass,3
1274,ribbon,1
1275,quicken,4
1276,stood,1
1277,booing,2
1278,pulpit,1
1279,public,3
1280,contrast,1
1281,womb,2
1282,hasn,3
1283,full,2
1284,iran,18
1285,humvees,1
1286,answers,1
1287,hours,3
1288,shouldn,6
1289,operating,2
1290,november,2
1291,strong,5
1292,arena,5
1293,speeches,1
1294,bible,1
1295,ahead,3
1296,difficulty,1
1297,siamese,1
1298,compliance,1
1299,experience,2
1300,social,19
1301,action,1
1302,murdering,1
1303,narrow,1
1304,uniquely,1
1305,megyn,17
1306,family,6
1307,partnering,1
1308,obamacare,8
1309,commandments,1
1310,put,14
1311,purveyors,1
1312,aimed,2
1313,gosh,1
1314,armed,2
1315,two,15
1316,6,5
1317,taken,6
1318,lowering,1
1319,israel,12
1320,door,1
1321,knows,2
1322,company,1
1323,putin,4
1324,site,1
1325,flag,1
1326,corleone,1
1327,basically,1
1328,broke,3
1329,particular,2
1330,cunning,1
1331,respected,1
1332,none,1
1333,debates,1
1334,salvador,1
1335,recall,1
1336,coalition,1
1337,nine,1
1338,sent,1
1339,evolved,3
1340,learn,3
1341,male,19
1342,history,2
1343,beautiful,1
1344,challenging,1
1345,share,3
1346,accept,3
1347,states,27
1348,fiorina,2
1349,sense,4
1350,mainstream,1
1351,!,8
1352,huge,1
1353,needs,4
1354,court,6
1355,broadly,2
1356,rather,6
1357,acts,1
1358,utilize,1
1359,hugs,3
1360,rapists,1
1361,plant,1
1362,tried,2
1363,brett,5
1364,retirement,9
1365,tries,1
1366,plane,1
1367,blood,2
1368,coming,12
1369,response,2
1370,short,1
1371,crippling,1
1372,anytime,1
1373,coal,1
1374,shore,1
1375,broadcasting,1
1376,responsibility,4
1377,fundamental,2
1378,putting,3
1379,dream,5
1380,baier,64
1381,help,4
1382,september,4
1383,essence,1
1384,mission,1
1385,trade,6
1386,held,2
1387,paper,1
1388,scott,2
1389,committee,3
1390,committed,1
1391,hell,2
1392,suffer,2
1393,islam,1
1394,24,2
1395,messed,2
1396,style,1
1397,27,1
1398,rapidly,1
1399,22,1
1400,susceptible,1
1401,29,2
1402,actually,13
1403,late,3
1404,strange,1
1405,disagrees,1
1406,founders,1
1407,might,4
1408,ally,2
1409,defunded,1
1410,colleague,1
1411,wouldn,5
1412,someone,10
1413,somebody,3
1414,buffoon,1
1415,communities,2
1416,iranians,2
1417,bigger,3
1418,payer,5
1419,always,3
1420,bless,1
1421,quds,1
1422,found,1
1423,week,4
1424,everyone,3
1425,generation,2
1426,house,3
1427,energy,4
1428,hard,5
1429,positioned,1
1430,idea,1
1431,gun,1
1432,amiracle,1
1433,extended,1
1434,expect,2
1435,defund,1
1436,beyond,5
1437,event,2
1438,really,14
1439,try,3
1440,perry,1
1441,funding,3
1442,since,9
1443,trusts,1
1444,safety,2
1445,7,1
1446,darling,1
1447,issue,10
1448,dunk,1
1449,wisconsin,8
1450,bully,1
1451,timothy,1
1452,favored,1
1453,guess,1
1454,nationally,2
1455,pleasant,1
1456,dynastic,1
1457,reason,3
1458,base,1
1459,proxy,1
1460,members,1
1461,ask,15
1462,rises,1
1463,loads,1
1464,guest,1
1465,director,1
1466,benefits,1
1467,submarines,1
1468,sicker,1
1469,cheering,8
1470,american,21
1471,bumper,1
1472,assign,1
1473,feed,1
1474,major,1
1475,graduate,1
1476,feel,4
1477,radical,5
1478,number,4
1479,feet,2
1480,instances,1
1481,sequester,1
1482,revolution,3
1483,done,11
1484,fees,3
1485,wages,3
1486,causing,1
1487,carter,1
1488,story,1
1490,heads,1
1491,leverage,1
1492,leading,5
1493,threatening,2
1494,least,2
1495,jeb,6
1496,regulation,1
1497,wonderful,1
1498,saint,2
1499,185,1
1500,hundred,1
1501,finances,1
1502,store,1
1503,shifted,1
1504,imperfect,1
1505,option,1
1506,relationship,2
1507,behind,5
1508,relieved,2
1509,teacher,1
1510,part,6
1511,focusing,1
1512,believe,30
1513,1917,1
1514,apprentice,1
1515,kind,9
1516,grew,1
1517,aaa,2
1518,iranian,5
1519,gotten,2
1520,outrageous,1
1521,illegals,3
1522,marriage,9
1523,supposed,5
1524,treated,2
1525,outta,1
1526,nominee,15
1527,strengthen,1
1528,vulnerable,1
1529,sell,1
1530,built,2
1531,tough,1
1532,scotland,1
1533,officers,1
1534,also,12
1535,without,7
1536,build,3
1537,caliphate,1
1538,cream,1
1539,donor,3
1540,added,1
1541,quote,9
1542,english,1
1543,reach,3
1544,architects,2
1545,hired,1
1546,plan,6
1547,71,3
1548,nothing,8
1549,extremely,1
1550,achievement,1
1551,stands,2
1552,understands,1
1553,dealers,2
1554,loopholes,1
1555,clear,9
1556,sometimes,1
1557,cover,1
1558,traditional,1
1559,lying,6
1560,joining,1
1561,sector,4
1562,particularly,2
1563,defended,1
1564,uniform,1
1565,fine,3
1566,find,7
1567,costing,1
1568,dividing,1
1569,duncan,1
1570,justice,2
1571,nervous,1
1572,unhappy,1
1573,destabilize,2
1574,failed,1
1575,idiots,1
1576,convoluted,1
1577,pretty,3
1578,8,2
1579,cuba,2
1580,obama,24
1581,loved,1
1582,begins,2
1583,policing,1
1584,hit,1
1585,gains,2
1586,invoke,1
1587,secular,1
1588,brink,1
1589,courage,1
1590,valuable,1
1591,reporters,1
1592,critically,1
1593,showed,1
1594,progressive,3
1595,common,8
1596,double,2
1597,x,1
1598,creates,1
1599,set,2
1600,intelligence,3
1601,sex,3
1602,culture,2
1603,see,14
1604,individual,1
1605,11th,3
1606,declined,2
1607,knees,1
1608,mullahs,1
1609,spirits,1
1610,please,3
1611,won,9
1612,vladimir,2
1613,probably,5
1614,conditions,1
1615,knowing,2
1616,rosie,2
1617,recently,6
1618,creating,1
1619,dividends,1
1620,aircraft,1
1621,ranked,2
1622,opposition,3
1623,understanding,1
1624,legislature,2
1625,c,2
1626,last,18
1627,oversee,1
1628,powers,1
1629,barely,2
1630,foreign,9
1631,became,7
1632,forgotten,1
1633,poverty,3
1634,whole,3
1635,baltimore,1
1636,):,4
1637,point,5
1638,simple,3
1639,acted,2
1640,community,2
1641,simply,2
1642,"),",1
1643,).,1
1644,throughout,2
1645,[,1
1646,described,1
1647,raise,8
1648,create,5
1649,political,6
1650,due,3
1651,strategy,2
1652,hitting,2
1653,ran,2
1654,ph,8
1655,breyers,1
1656,gay,4
1657,fire,1
1658,else,4
1659,fund,5
1660,whatever,1
1661,races,1
1662,understand,8
1663,disruptive,1
1664,temperament,1
1665,wedding,3
1666,slobs,1
1667,stolen,1
1668,conception,2
1669,look,18
1670,straight,1
1671,bill,3
1672,elections,3
1673,governor,80
1674,replaced,1
1675,ought,7
1676,chant,1
1677,fun,1
1678,owed,1
1679,voters,5
1680,violently,1
1681,rip,1
1682,triple,2
1683,ready,5
1684,arenas,1
1685,chase,1
1686,anymore,3
1687,radicalization,1
1688,read,1
1689,virtually,1
1690,9,1
1691,daughters,2
1692,higher,3
1693,development,2
1694,used,6
1695,flooded,2
1696,comprehensive,2
1697,negotiate,2
1698,moment,2
1699,000,10
1700,medicaid,5
1701,purpose,5
1702,robust,1
1703,recent,2
1704,lower,1
1705,older,1
1706,poland,2
1707,anybody,4
1708,obviously,5
1709,person,15
1710,kelly,49
1711,entry,1
1712,spend,2
1713,languish,1
1714,grievance,1
1715,openly,1
1716,questions,20
1717,using,1
1718,elect,1
1719,praying,1
1720,wage,3
1721,questioner,1
1723,majority,4
1724,throats,1
1725,barack,5
1726,source,1
1727,internal,1
1728,parents,1
1729,homeland,1
1730,depravity,1
1731,violations,1
1732,reinstate,2
1733,chairman,5
1735,marco,2
1736,emergency,1
1737,big,20
1738,couple,3
1739,game,1
1740,bit,2
1741,d,11
1742,ignore,1
1743,collect,2
1744,continue,5
1745,lenin,1
1746,often,2
1747,senate,10
1748,creation,2
1749,back,25
1750,understood,1
1751,economic,14
1752,modernize,1
1753,walkre,1
1754,affects,1
1755,decision,1
1756,shall,1
1757,per,1
1758,newark,1
1759,eliminate,1
1760,prosecuted,2
1761,innovation,1
1762,invade,1
1763,run,10
1764,bartender,1
1765,clay,1
1766,fed,1
1767,refused,1
1768,step,1
1769,negatives,1
1770,hostages,2
1771,carol,1
1772,troops,1
1773,faith,3
1774,pipeline,1
1775,working,6
1776,anything,8
1777,graduation,1
1778,wallce,1
1779,hatred,1
1780,wanna,3
1781,miracles,1
1782,seeing,1
1783,clinton,26
1784,terrorists,5
1785,nsa,1
1786,within,1
1787,retailer,1
1788,nonsense,1
1789,democrat,3
1790,services,1
1791,proportional,1
1792,lesson,1
1793,lebron,1
1794,militarily,2
1795,bankruptcy,1
1796,".,",1
1797,..,1
1798,spending,4
1799,measured,1
1800,".""",23
1801,question,25
1802,amidst,1
1803,accountability,1
1804,forward,4
1806,authored,1
1807,electability,2
1808,registered,1
1809,immigration,18
1810,deductions,1
1811,repeatedly,1
1812,filed,2
1813,russian,3
1814,line,5
1815,raising,1
1816,directed,1
1817,hair,1
1818,patriot,1
1819,redeemed,1
1820,....,1
1821,us,32
1822,played,1
1823,called,11
1824,influence,1
1825,doesn,15
1826,divisive,2
1827,single,8
1828,diverse,2
1829,evening,1
1830,independents,1
1831,%,2
1832,objection,1
1833,fixing,1
1834,thanks,3
1835,backs,1
1836,politicians,10
1837,points,2
1838,income,7
1839,department,6
1840,confine,1
1841,nice,3
1842,users,2
1843,lashing,1
1844,problems,3
1845,prepared,1
1846,regulations,2
1847,reforms,3
1848,ago,10
1849,e,3
1850,age,5
1851,required,1
1852,walked,1
1853,2002,1
1854,depth,1
1855,2001,2
1856,2004,2
1857,walker,27
1858,ashton,1
1859,code,2
1860,partial,1
1861,gang,1
1862,go,21
1863,moon,1
1864,kate,5
1865,issues,16
1866,chapo,1
1867,disposal,1
1868,concerned,1
1869,young,3
1870,send,6
1871,dramatically,1
1872,resources,1
1873,probe,1
1874,garden,1
1875,continues,1
1876,facebook,14
1877,assad,3
1878,continued,1
1879,wipe,1
1880,entire,2
1881,positions,3
1882,sanctions,4
1883,fewer,1
1884,deals,2
1885,race,5
1886,enforce,3
1887,pledge,8
1888,carly,1
1889,crop,1
1890,jump,1
1891,noise,5
1892,video,12
1893,traveling,1
1894,cartel,1
1895,medieval,1
1896,power,6
1897,chicago,1
1898,giving,1
1899,reaching,1
1900,access,1
1901,consistently,2
1902,waiting,1
1903,experiment,1
1904,twins,1
1905,capital,2
1906,;,4
1907,body,1
1908,led,5
1909,chose,1
1910,exchange,1
1911,pushing,1
1912,commercial,6
1913,sins,1
1914,444,1
1915,growing,5
1916,explore,1
1917,let,27
1918,healing,1
1919,others,1
1920,safer,1
1921,mindset,1
1922,ukraine,3
1923,great,16
1924,engage,1
1925,receive,1
1926,involved,1
1927,30,8
1928,host,3
1929,later,4
1930,defeat,2
1931,opinion,4
1932,makes,6
1933,honor,2
1934,clark,1
1935,egypt,2
1936,win,16
1937,bergdahl,2
1938,sgt,1
1939,private,6
1940,addressed,1
1941,oval,1
1942,apply,2
1943,resolutions,1
1944,tools,1
1945,standing,3
1946,use,12
1947,stream,1
1948,consumption,3
1949,illegal,14
1950,ministers,1
1951,next,18
1952,doubt,1
1953,pencil,1
1954,started,2
1955,occurred,1
1956,missile,1
1957,opposing,1
1958,baby,2
1959,appointed,2
1960,women,8
1961,escaped,1
1962,account,3
1963,animals,1
1964,inexperience,1
1965,tunnel,1
1966,challenge,1
1967,recession,1
1968,battles,1
1969,anywhere,2
1970,crossed,1
1971,meet,2
1972,closing,9
1973,proof,1
1974,control,4
1975,wedge,2
1976,weaker,2
1977,patrol,2
1978,process,4
1979,tax,15
1980,high,8
1981,effectively,2
1982,reserves,2
1983,something,10
1984,arnie,1
1985,rape,3
1986,sir,4
1987,educational,1
1988,united,18
1989,sit,1
1990,six,3
1991,fortunate,1
1992,sic,1
1993,instead,5
1994,struggled,1
1995,weakened,1
1996,stock,1
1997,puppets,1
1998,blocks,1
1999,watch,1
2000,testimony,2
2001,collection,2
2002,chiefs,4
2003,pigs,1
2004,demonstrating,1
2005,requirements,1
2006,worried,1
2007,npr,1
2008,ot,1
2009,advocated,4
2010,lines,3
2011,amazon,1
2012,chief,8
2013,advocates,1
2014,honestly,1
2015,nancy,2
2016,"%,",2
2017,%.,1
2018,crosstalk,11
2019,including,4
2020,looks,2
2021,mentioned,3
2022,vilify,1
2023,perfect,1
2024,inquisitions,1
2025,negotiated,1
2027,lithuania,1
2028,winning,1
2029,willing,2
2030,choose,1
2031,2016,7
2032,2010,1
2033,2013,1
2034,2012,1
2035,dad,2
2036,violating,1
2037,greater,1
2038,bolder,2
2039,practice,1
2040,runs,2
2041,flew,2
2042,blessed,6
2043,mention,1
2044,cutting,4
2045,ferguson,1
2046,hands,3
2047,front,2
2048,republican,31
2049,day,15
2050,presidential,5
2051,february,1
2052,identified,1
2053,latvia,1
2054,truth,4
2055,rising,2
2056,globe,1
2057,700,1
2058,related,2
2059,relates,1
2060,special,1
2061,fundamentally,4
2063,kids,5
2064,defend,4
2065,may,6
2066,arkansas,1
2067,lecture,3
2068,supports,2
2069,red,2
2070,southern,1
2071,embassy,1
2072,ban,1
2073,completely,1
2074,york,3
2075,conservatives,4
2076,conflicts,1
2077,ronald,3
2078,allies,8
2079,islamic,3
2080,could,16
2081,florida,9
2082,keep,9
2083,conversation,1
2084,stimulate,2
2085,strategic,1
2086,forfeits,1
2087,legislative,1
2088,vetoed,2
2089,management,1
2090,fair,6
2091,unknown,4
2092,system,26
2093,relations,1
2094,"?""",5
2095,priority,3
2096,attack,6
2097,lifting,1
2098,norton,1
2099,final,3
2100,painful,1
2101,interests,1
2102,enforcement,4
2103,exactly,8
2104,megan,4
2105,july,1
2106,overwhelming,1
2107,apologist,1
2108,steel,3
2109,resist,1
2110,ben,1
2111,liquid,1
2112,aspiration,1
2113,commandant,1
2114,submitted,2
2115,defense,3
2116,bet,1
2117,result,3
2118,clip,12
2119,tonight,29
2120,buy,1
2121,fourteenth,1
2122,need,54
2123,border,19
2124,clearly,2
2125,viewed,1
2126,smallest,1
2127,studying,1
2128,agency,1
2129,able,9
2130,uncalled,1
2131,concerns,1
2132,skeptics,1
2133,techniques,1
2134,iisis,1
2135,allow,1
2136,combat,2
2137,useful,1
2138,visa,1
2139,eight,12
2140,class,8
2141,consequences,3
2142,enthusiastic,1
2143,request,1
2144,face,4
2145,businessman,2
2146,bret,4
2147,fact,17
2148,houston,1
2149,violation,1
2150,gentleman,1
2151,supported,5
2152,terminate,1
2153,bring,7
2154,serving,1
2155,traitor,1
2156,democrats,4
2157,utter,1
2158,fear,1
2159,debate,15
2160,decade,5
2161,partners,1
2162,candidacy,1
2163,based,6
2164,sheriff,1
2165,hadn,1
2166,tithing,1
2168,hopeful,2
2169,planted,1
2170,candidates,25
2171,inherited,1
2172,employee,1
2173,b,2
2174,local,4
2175,hope,6
2176,meant,1
2177,prosecute,1
2178,move,10
2179,handle,1
2180,listened,2
2181,means,3
2182,beat,4
2183,intellectually,1
2184,onel,1
2185,stripes,1
2186,dumbing,1
2187,joint,4
2188,ones,3
2189,legitimate,1
2190,words,1
2191,areas,1
2192,course,9
2193,taxes,11
2194,calling,3
2195,contain,1
2196,ohio,10
2197,generations,1
2198,view,2
2199,buzzer,5
2200,strengthened,1
2201,exists,3
2202,national,9
2203,officials,2
2204,subcommittee,1
2205,enhanced,1
2206,reform,8
2207,nuclear,6
2208,favor,5
2209,written,1
2210,felony,1
2211,tens,1
2212,neither,1
2213,frustrated,2
2214,email,1
2215,ends,1
2216,bed,1
2217,interfere,1
2218,job,8
2219,key,3
2220,police,2
2221,declining,1
2222,david,1
2223,career,4
2224,taking,1
2225,equal,1
2226,drug,3
2227,beliefs,1
2228,moderators,1
2229,succeed,2
2230,figures,1
2231,passing,1
2232,lofty,1
2233,jersey,9
2234,otherwise,1
2235,detailed,1
2236,co,1
2237,wall,5
2238,supreme,3
2239,incest,3
2240,respect,5
2241,600,1
2242,pouring,1
2243,mailman,2
2244,second,3
2245,addition,1
2246,decent,2
2247,treat,4
2248,proposal,1
2249,fence,2
2250,define,1
2251,faced,1
2252,mike,3
2253,controlled,1
2254,protect,6
2255,netanyahu,1
2256,bulk,1
2257,abortions,1
2258,mail,1
2259,indiscriminately,1
2260,fellow,1
2261,criminal,2
2262,welcoming,1
2263,abandoned,2
2264,unlike,3
2265,value,1
2266,choices,1
2267,fault,2
2268,balance,2
2269,va,4
2271,almost,4
2272,surprisingly,1
2273,helped,1
2274,optimistic,1
2275,lifetime,2
2276,partner,1
2277,minorities,2
2278,terrorist,3
2280,administration,2
2281,unite,3
2282,member,1
2283,guns,1
2284,unity,1
2285,parts,2
2286,speaker,1
2287,digging,1
2288,largest,4
2289,units,1
2290,party,12
2291,terrorism,4
2292,gets,4
2293,difficult,2
2294,iou,1
2295,disagree,5
2296,effect,1
2297,student,5
2298,expand,3
2299,destruction,1
2300,paycheck,5
2301,center,3
2302,records,9
2303,weapon,1
2304,well,42
2305,fighting,7
2306,tithes,2
2307,thought,4
2308,touching,1
2309,350,4
2310,position,9
2311,audio,1
2312,restore,3
2313,arming,2
2314,enormously,1
2315,less,5
2316,moments,1
2317,offensive,1
2318,accurate,1
2319,executive,4
2320,mistakes,1
2321,rooms,1
2322,protecting,4
2323,paul,42
2324,abolish,1
2325,generous,1
2326,reformer,1
2327,bell,1
2328,mcconnell,1
2329,fled,1
2330,reasons,2
2331,add,2
2332,nato,3
2333,ado,1
2334,warrant,4
2335,loan,2
2336,smart,1
2337,increased,2
2338,government,33
2339,famously,1
2340,protesters,1
2341,interrogation,1
2342,increases,3
2343,five,11
2344,know,63
2345,immediately,2
2346,bayonets,1
2347,crist,1
2348,loss,1
2349,like,40
2350,lost,4
2351,clown,1
2352,taxpayers,1
2353,lose,5
2354,become,3
2355,works,3
2356,soft,1
2357,amendment,7
2358,twitter,3
2359,church,2
2360,library,1
2361,115,2
2362,growth,18
2363,cleveland,7
2364,proper,1
2365,home,4
2366,liking,1
2367,peter,2
2368,happens,1
2369,lead,8
2370,broad,1
2371,objected,1
2372,miner,1
2373,14th,1
2374,warfare,2
2375,screwed,1
2376,bosses,1
2377,leader,6
2379,blowing,1
2380,pietricone,1
2381,schedule,1
2382,expansion,1
2383,neurosurgeon,3
2384,although,2
2385,worthy,1
2386,r,1
2387,loans,5
2388,counties,1
2389,stage,27
2390,getting,4
2391,staked,1
2392,freedom,2
2393,sakes,1
2394,statement,12
2395,introduced,2
2396,unsustainable,1
2397,keeps,1
2398,owe,2
2399,creativity,1
2400,warrants,1
2401,washington,12
2402,commitment,2
2403,included,1
2404,promise,3
2405,female,3
2406,buick,1
2408,fired,1
2409,accused,1
2410,additional,1
2411,1981,1
2412,kidding,1
2413,biggest,1
2414,chunk,1
2415,alienated,1
2416,certificate,1
2417,blaming,1
2418,repeated,1
2419,gain,2
2420,highest,1
2421,assets,1
2422,baptist,1
2423,made,9
2424,places,2
2425,whether,11
2426,dangerous,3
2427,signed,2
2428,incompetent,1
2429,record,7
2430,convince,1
2431,ruling,1
2432,problem,15
2433,piece,1
2434,minutes,1
2435,penetrating,1
2436,recognize,1
2437,scary,1
2438,---,2
2439,periods,1
2440,goodness,1
2441,83,1
2442,disengagement,1
2443,education,7
2444,"--""",1
2445,44,1
2446,percent,14
2447,40,1
2448,book,2
2449,incredibly,3
2450,guys,1
2451,illegally,3
2452,francisco,1
2453,kinds,1
2454,inherently,1
2455,stay,3
2456,chance,7
2457,repeal,1
2458,friends,6
2459,christians,3
2460,searches,1
2461,defunding,1
2462,rule,1
2463,lift,2
2464,compete,1
2465,pension,1
2466,ideological,4
2467,lives,7
2468,indirectly,1
